ID,Family,Genus,Species,Infraspecific epithet,Source id,IPNI id,Date
kew-2609691,Pinaceae,Abies,alba,,381621,,1759
kew-2609703,Pinaceae,Abies,amabilis,,381632,325658-2,1839
kew-2609719,Pinaceae,Abies,balsamea,,381647,1084057-2,1768
kew-2609725,Pinaceae,Abies,balsamea,phanerolepis,381653,50917432-1,1909
kew-2609730,Pinaceae,Abies,beshanzuensis,,381658,676549-1,1976
kew-2609736,Pinaceae,Abies,borisii-regis,,381664,676550-1,1925
kew-2609740,Pinaceae,Abies,bracteata,,381668,,1845
kew-2609753,Pinaceae,Abies,cephalonica,,381681,261486-1,1838
kew-2609761,Pinaceae,Abies,chensiensis,,381689,676557-1,1892
kew-2609763,Pinaceae,Abies,chensiensis,salouenensis,381691,922879-1,1984
kew-2609765,Pinaceae,Abies,chensiensis,yulongxueshanensis,381693,918163-1,1984
kew-2609771,Pinaceae,Abies,cilicica,,381699,261491-1,1855
kew-2609773,Pinaceae,Abies,cilicica,isaurica,381701,51025701-1,1965
kew-2609785,Pinaceae,Abies,concolor,,381713,1031026-2,1861
kew-2609799,Pinaceae,Abies,delavayi,,381727,261505-1,1899
kew-2609802,Pinaceae,Abies,delavayi,fansipanensis,381730,1008330-1,1999
kew-2609805,Pinaceae,Abies,delavayi,motuoensis,381733,888161-1,1975
kew-2609806,Pinaceae,Abies,delavayi,nukiangensis,381734,956082-1,1990
kew-2609808,Pinaceae,Abies,densa,,381736,261506-1,1854
kew-2609816,Pinaceae,Abies,durangensis,,381744,676563-1,1942
kew-2609817,Pinaceae,Abies,durangensis,coahuilensis,381745,,1963
kew-2609840,Pinaceae,Abies,fabri,,381768,676566-1,1920
kew-2609837,Pinaceae,Abies,fabri,minensis,381765,952291-1,1986
kew-2609842,Pinaceae,Abies,fanjingshanensis,,381770,903410-1,1984
kew-2609844,Pinaceae,Abies,fargesii,,381772,261522-1,1899
kew-2609846,Pinaceae,Abies,fargesii,faxoniana,381774,,1972
kew-2609848,Pinaceae,Abies,fargesii,sutchuensis,381776,,1894
kew-2609854,Pinaceae,Abies,firma,,381782,261525-1,1842
kew-2609857,Pinaceae,Abies,forrestii,,381784,676570-1,1919
kew-2609861,Pinaceae,Abies,forrestii,ferreana,381788,956089-1,1990
kew-2609862,Pinaceae,Abies,forrestii,georgei,381789,966489-1,1990
kew-2609863,Pinaceae,Abies,forrestii,smithii,381790,,1929
kew-2609865,Pinaceae,Abies,fraseri,,381792,1030488-2,1817
kew-2609877,Pinaceae,Abies,grandis,,381804,1033427-2,1833
kew-2609883,Pinaceae,Abies,guatemalensis,,381810,676575-1,1939
kew-2609885,Pinaceae,Abies,guatemalensis,jaliscana,381812,77092563-1,1948
kew-2609894,Pinaceae,Abies,hickelii,,381821,676576-1,1932
kew-2871549,Pinaceae,Abies,hickelii,macrocarpa,385920,,1942
kew-2609896,Pinaceae,Abies,hidalgensis,,381823,301448-2,1995
kew-2609900,Pinaceae,Abies,holophylla,,381827,261545-1,1866
kew-2609902,Pinaceae,Abies,homolepis,,381829,261546-1,1842
kew-2609903,Pinaceae,Abies,homolepis,umbellata,381830,,1916
kew-2609907,Pinaceae,Abies,insignis,,381834,,1890
kew-2609915,Pinaceae,Abies,kawakamii,,381842,,1909
kew-2609917,Pinaceae,Abies,koreana,,381844,676582-1,1920
kew-2609926,Pinaceae,Abies,lasiocarpa,,381853,1081948-2,1849
kew-2609927,Pinaceae,Abies,lasiocarpa,arizonica,381854,,1898
kew-2609941,Pinaceae,Abies,magnifica,,381868,325664-2,1863
kew-2609945,Pinaceae,Abies,magnifica,shastensis,381872,305649-2,1890
kew-2609947,Pinaceae,Abies,mariesii,,381874,261575-1,1879
kew-2609975,Pinaceae,Abies,nebrodensis,,381902,676593-1,1908
kew-2609978,Pinaceae,Abies,nephrolepis,,381905,261594-1,1866
kew-2609993,Pinaceae,Abies,nordmanniana,,381919,261599-1,1841
kew-2609998,Pinaceae,Abies,nordmanniana,equi-trojani,381924,77084608-1,1965
kew-2610003,Pinaceae,Abies,numidica,,381929,261601-1,1866
tro-50231054,Pinaceae,Abies,pendula,,50231054,,1850
kew-2610035,Pinaceae,Abies,pindrow,,381960,676605-1,1836
kew-2610036,Pinaceae,Abies,pindrow,brevifolia,381961,77092513-1,1923
kew-2610038,Pinaceae,Abies,pinsapo,,381963,676606-1,1838
kew-2610043,Pinaceae,Abies,pinsapo,marocana,381968,,1938
kew-2610049,Pinaceae,Abies,procera,,381974,676607-1,1940
kew-2610053,Pinaceae,Abies,recurvata,,381978,,1906
kew-2610054,Pinaceae,Abies,recurvata,ernestii,381979,922880-1,1984
kew-2610057,Pinaceae,Abies,religiosa,,381982,261625-1,1830
kew-456074,Pinaceae,Abies,religiosa,mexicana,456074,77100297-1,2009
kew-2610065,Pinaceae,Abies,sachalinensis,,381990,,1879
kew-2610066,Pinaceae,Abies,sachalinensis,gracilis,381991,966491-1,1990
kew-2610067,Pinaceae,Abies,sachalinensis,mayriana,381992,77092517-1,1919
kew-2610068,Pinaceae,Abies,sachalinensis,nemorensis,381993,,1880
tro-100280139,Pinaceae,Abies,shastensis,,100280139,,1891
tro-24901008,Pinaceae,Abies,shensiensis,,24901008,,
tro-24901777,Pinaceae,Abies,shensiensis,,24901777,,1901
kew-2610076,Pinaceae,Abies,sibirica,,382001,261635-1,1833
kew-2610083,Pinaceae,Abies,sibirica,semenovii,382008,966490-1,1990
kew-2610088,Pinaceae,Abies,speciosa,,382013,,1895
kew-2610089,Pinaceae,Abies,spectabilis,,382014,,1825
kew-2610095,Pinaceae,Abies,squamata,,382019,,1906
kew-2610100,Pinaceae,Abies,sumatrana,,382024,,1809
tro-24900990,Pinaceae,Abies,theisha,,24900990,,1875
kew-2610119,Pinaceae,Abies,vasconcellosiana,,382043,676623-1,1946
kew-2610120,Pinaceae,Abies,veitchii,,382044,261656-1,1861
kew-2610124,Pinaceae,Abies,veitchii,sikokiana,382048,,1954
kew-2610125,Pinaceae,Abies,vejarii,,382049,676624-1,1942
kew-2610126,Pinaceae,Abies,vejarii,macrocarpa,382050,77092523-1,1948
kew-460588,Pinaceae,Abies,vilmorinii,,460588,,1901
kew-2610141,Pinaceae,Abies,yuanbaoshanensis,,382065,676629-1,1980
kew-2610144,Pinaceae,Abies,ziyuanensis,,382068,676630-1,1980
kew-2705739,Pinaceae,Cathaya,argyrophylla,,382677,676696-1,1962
kew-2707315,Pinaceae,Cedrus,atlantica,,382686,50881822-1,1855
kew-2707322,Pinaceae,Cedrus,deodara,,382693,676701-1,1830
kew-2707327,Pinaceae,Cedrus,libani,,382698,676705-1,1823
kew-2707330,Pinaceae,Cedrus,libani,brevifolia,382701,,1880
tro-24901144,Pinaceae,Hesperopeuce,longibracteata,,24901144,,1961
kew-2334782,Pinaceae,Keteleeria,davidiana,,377744,262401-1,1891
kew-2871625,Pinaceae,Keteleeria,davidiana,formosana,385967,,1908
kew-2334828,Pinaceae,Keteleeria,evelyniana,,377762,,1903
kew-2334835,Pinaceae,Keteleeria,fortunei,,377769,262404-1,1866
tro-24901166,Pinaceae,Keteleeria,jezoensis,,24901166,,1936
kew-2493945,Pinaceae,Larix,czekanowskii,,379133,,1913
tro-24900726,Pinaceae,Larix,czekanowskii,,24900726,,
kew-2493921,Pinaceae,Larix,decidua,,379112,262420-1,1768
kew-2607678,Pinaceae,Larix,decidua,carpatica,381518,77092539-1,1930
kew-2871642,Pinaceae,Larix,decidua,polonica,385977,,1930
kew-2871696,Pinaceae,Larix,eurokurilensis,,386021,,1952
kew-2493918,Pinaceae,Larix,eurolepis,,379109,,1919
kew-2607679,Pinaceae,Larix,gmelinii,,381519,77092562-1,1920
kew-2871647,Pinaceae,Larix,gmelinii,japonica,385982,,1926
kew-2871648,Pinaceae,Larix,gmelinii,olgensis,385983,,1930
kew-2871665,Pinaceae,Larix,gmelinii,principis-rupprechtii,386000,,1926
kew-2493925,Pinaceae,Larix,griffithii,,379116,,1854
kew-2493943,Pinaceae,Larix,griffithii,speciosa,379132,1003096-1,1998
kew-2493930,Pinaceae,Larix,hians,,379119,676905-1,1929
kew-2871697,Pinaceae,Larix,hybrida,,386022,,1894
kew-2493964,Pinaceae,Larix,kaempferi,,379135,60457419-2,1856
tro-24901228,Pinaceae,Larix,koreensis,,24901228,,1915
kew-2493793,Pinaceae,Larix,laricina,,379072,30017098-2,1873
tro-24900735,Pinaceae,Larix,lubarskii,,24900735,,
kew-2493818,Pinaceae,Larix,lyallii,,379089,,1863
tro-24900736,Pinaceae,Larix,maritima,,24900736,,
tro-50235706,Pinaceae,Larix,maritima,,50235706,,1931
kew-2871695,Pinaceae,Larix,marschlinsii,,386020,,1917
kew-2493801,Pinaceae,Larix,mastersiana,,379078,676912-1,1914
kew-2493825,Pinaceae,Larix,occidentalis,,379096,262444-1,1846
kew-2493828,Pinaceae,Larix,pendula,,379098,262447-1,1807
tro-24900536,Pinaceae,Larix,pendula,,24900536,,
tro-24900739,Pinaceae,Larix,polonica,,24900739,,
kew-2493815,Pinaceae,Larix,potaninii,,379087,676917-1,1894
kew-2493791,Pinaceae,Larix,potaninii,chinensis,379071,997511-1,1997
kew-2493820,Pinaceae,Larix,potaninii,himalaica,379091,956109-1,1990
kew-2493794,Pinaceae,Larix,potaninii,macrocarpa,379073,,1975
kew-2493981,Pinaceae,Larix,sibirica,,379148,262455-1,1833
tro-50235708,Pinaceae,Larix,stenophylla,,50235708,,1931
kew-2382004,Pinaceae,Nothotsuga,longibracteata,,378136,946480-1,1988 publ. 1989
kew-2562738,Pinaceae,Picea,abies,,380406,262609-1,1881
kew-2871725,Pinaceae,Picea,abies,acuminata,386047,,1931
kew-2562720,Pinaceae,Picea,albertiana,,380393,195857-2,1907
tro-24900916,Pinaceae,Picea,alcockiana,,24900916,,
kew-2562723,Pinaceae,Picea,alcoquiana,,380396,262615-1,1867
kew-2871726,Pinaceae,Picea,alcoquiana,acicularis,386048,,1930
kew-2871728,Pinaceae,Picea,alcoquiana,reflexa,386050,,1930
kew-2562773,Pinaceae,Picea,asperata,,380431,,1906
kew-2608197,Pinaceae,Picea,asperata,notabilis,381530,77092549-1,1914
kew-2608199,Pinaceae,Picea,asperata,ponderosa,381532,77092551-1,1914
kew-2562757,Pinaceae,Picea,aurantiaca,,380418,,1906
kew-2562770,Pinaceae,Picea,austropanlanica,,380429,1008745-1,1999
kew-2562742,Pinaceae,Picea,brachytyla,,380409,978295-1,1900
kew-2871733,Pinaceae,Picea,brachytyla,complanata,386055,,1940
kew-2871734,Pinaceae,Picea,brachytyla,rhombisquamea,386056,,1923
kew-2563436,Pinaceae,Picea,breweriana,,380618,262630-1,1885
kew-2563420,Pinaceae,Picea,chihuahuana,,380610,195867-2,1942
kew-2563413,Pinaceae,Picea,crassifolia,,380603,,1923
kew-2563424,Pinaceae,Picea,engelmannii,,380614,262646-1,1863
kew-2563450,Pinaceae,Picea,engelmannii,mexicana,380630,954895-1,1988
kew-2563462,Pinaceae,Picea,farreri,,380641,676949-1,1980
kew-2871805,Pinaceae,Picea,fennica,,386059,,1934
tro-50292067,Pinaceae,Picea,fennica,,50292067,,
kew-2563473,Pinaceae,Picea,glauca,,380651,195874-2,1907
kew-2563466,Pinaceae,Picea,glehnii,,380645,262657-1,1880
kew-2563370,Pinaceae,Picea,jezoensis,,380563,262669-1,1855
kew-2563372,Pinaceae,Picea,jezoensis,hondoensis,380565,954894-1,1988
kew-2563380,Pinaceae,Picea,jezoensis,komarovii,380573,888192-1,1978
kew-2563377,Pinaceae,Picea,koraiensis,,380570,676960-1,1919
tro-50231571,Pinaceae,Picea,koraiensis,pungsanensis,50231571,966493-1,1990
kew-2563354,Pinaceae,Picea,koyamae,,380547,,1913
kew-2563367,Pinaceae,Picea,likiangensis,,380560,50881856-1,1900
kew-2871823,Pinaceae,Picea,likiangensis,hirtella,386077,,1937
kew-2563363,Pinaceae,Picea,likiangensis,linzhiensis,380556,888196-1,1975
kew-2563364,Pinaceae,Picea,likiangensis,montigena,380557,,1937
kew-2608218,Pinaceae,Picea,likiangensis,rubescens,381551,77092575-1,1914
tro-50275819,Pinaceae,Picea,linzhienensis,,50275819,,
tro-50231612,Pinaceae,Picea,lutescends,,50231612,,1976
kew-2563358,Pinaceae,Picea,lutzii,,380551,288165-2,1953
kew-2563398,Pinaceae,Picea,mariana,,380589,195883-2,1888
kew-2563400,Pinaceae,Picea,mariorika,,380590,676968-1,1959
kew-2563404,Pinaceae,Picea,maximowiczii,,380594,,1879
kew-2608222,Pinaceae,Picea,maximowiczii,senanensis,381555,77092582-1,1969
kew-2563389,Pinaceae,Picea,meyeri,,380581,676972-1,1914
kew-2563390,Pinaceae,Picea,morrisonicola,,380582,676975-1,1908
kew-460883,Pinaceae,Picea,moseri,,460883,,1904
kew-2563393,Pinaceae,Picea,neoveitchii,,380584,,1903
kew-2563586,Pinaceae,Picea,notha,,380749,676976-1,1939
kew-2563558,Pinaceae,Picea,obovata,,380724,262697-1,1833
kew-2563568,Pinaceae,Picea,omorika,,380733,60440467-2,1877
kew-2871605,Pinaceae,Picea,orientalis,,385958,,1844
kew-2563553,Pinaceae,Picea,pungens,,380719,,1879
kew-2563554,Pinaceae,Picea,pungsanensis,,380720,676979-1,1926
kew-2563596,Pinaceae,Picea,purpurea,,380759,,1906
kew-2563594,Pinaceae,Picea,retroflexa,,380757,,1906
kew-2563588,Pinaceae,Picea,rubens,,380751,195909-2,1898
kew-460884,Pinaceae,Picea,saaghii,,460884,,1929
kew-2563599,Pinaceae,Picea,schrenkiana,,380762,262720-1,1842
kew-2871878,Pinaceae,Picea,schrenkiana,tianschanica,386107,,1950
kew-2563601,Pinaceae,Picea,shennongjianensis,,380764,1008746-1,1999
tro-50231177,Pinaceae,Picea,shirasawae,,50231177,,1969
kew-2563578,Pinaceae,Picea,sitchensis,,380741,676986-1,1855
kew-2563574,Pinaceae,Picea,smithiana,,380737,262724-1,1884
kew-2563576,Pinaceae,Picea,spinulosa,,380739,,1906
kew-2563584,Pinaceae,Picea,torano,,380747,262729-1,1893
kew-2563492,Pinaceae,Picea,wilsonii,,380667,,1903
kew-2563539,Pinaceae,Pinus,albicaulis,,380705,262755-1,1863
tro-50231994,Pinaceae,Pinus,alepensis,,50231994,262757-1,1804
kew-2563532,Pinaceae,Pinus,amamiana,,380699,676999-1,1924
kew-467783,Pinaceae,Pinus,anemophila,,467783,77110342-1,2010
kew-2563520,Pinaceae,Pinus,araucana,,380690,262776-1,1782
kew-2563557,Pinaceae,Pinus,aristata,,380723,262778-1,1862
kew-2563173,Pinaceae,Pinus,arizonica,,380503,196911-2,1878 publ. 1879
kew-459089,Pinaceae,Pinus,arizonica,cooperi,459089,77094962-1,2009
kew-459090,Pinaceae,Pinus,arizonica,ornelasii,459090,77094963-1,2009
kew-2575389,Pinaceae,Pinus,arizonica,stormiae,381028,196912-2,1945
kew-2563175,Pinaceae,Pinus,armandii,,380505,,1884
kew-2563176,Pinaceae,Pinus,armandii,dabeshanensis,380506,956115-1,1990
kew-2871976,Pinaceae,Pinus,armandii,mastersiana,386119,,1908
kew-463539,Pinaceae,Pinus,ascendens,,463539,77107003-1,2010
kew-2575422,Pinaceae,Pinus,attenuata,,381057,196914-2,1892
kew-2563184,Pinaceae,Pinus,attenuradiata,,380512,289850-2,1946
kew-2563157,Pinaceae,Pinus,ayacahuite,,380490,314973-2,1838
kew-2563186,Pinaceae,Pinus,balfouriana,,380514,,1853
kew-2563205,Pinaceae,Pinus,balfouriana,austrina,380532,282861-2,1980
kew-2563220,Pinaceae,Pinus,banksiana,,380544,262801-1,1803
tro-50148763,Pinaceae,Pinus,benthamii,,50148763,,
kew-2563216,Pinaceae,Pinus,bhutanica,,380541,677006-1,1980
kew-2563202,Pinaceae,Pinus,brutia,,380529,677009-1,1811
kew-2563169,Pinaceae,Pinus,brutia,eldarica,380499,,1985
kew-2563109,Pinaceae,Pinus,brutia,pendulifolia,380449,1012575-1,1993
kew-2563110,Pinaceae,Pinus,brutia,pityusa,380450,,1985
kew-2563114,Pinaceae,Pinus,bungeana,,380453,262822-1,1847
kew-2563095,Pinaceae,Pinus,canariensis,,380437,,1828
kew-2563099,Pinaceae,Pinus,caribaea,,380440,314859-2,1851
kew-2575412,Pinaceae,Pinus,caribaea,bahamensis,381048,196931-2,1962
kew-2575410,Pinaceae,Pinus,caribaea,hondurensis,381047,196932-2,1962
kew-2563154,Pinaceae,Pinus,celakovskiorum,,380487,262847-1,1897
kew-2563139,Pinaceae,Pinus,cembra,,380472,262848-1,1753
kew-2563151,Pinaceae,Pinus,cembroides,,380484,262850-1,1832
kew-2575409,Pinaceae,Pinus,cembroides,bicolor,381046,299082-2,1968
kew-2563125,Pinaceae,Pinus,cembroides,lagunae,380460,951987-1,1983
kew-2563127,Pinaceae,Pinus,cembroides,orizabensis,380462,282867-2,1983
kew-2575403,Pinaceae,Pinus,cerambycifera,,381040,60430566-2,2003
kew-2561996,Pinaceae,Pinus,clausa,,379871,,1884
kew-2561967,Pinaceae,Pinus,contorta,,379843,30000492-2,1838
kew-2555464,Pinaceae,Pinus,contorta,latifolia,379606,,1871
kew-2555463,Pinaceae,Pinus,contorta,murrayana,379605,196959-2,1880
kew-2561977,Pinaceae,Pinus,coulteri,,379852,196961-2,1837
kew-2561885,Pinaceae,Pinus,cubensis,,379797,282870-2,1863
kew-2561887,Pinaceae,Pinus,culminicola,,379798,196965-2,1961
tro-50230788,Pinaceae,Pinus,dahurica,,50230788,262889-1,1850
kew-2561893,Pinaceae,Pinus,dalatensis,,379803,,1960
kew-2561894,Pinaceae,Pinus,dalatensis,bidoupensis,379804,1007790-1,1999
kew-2561868,Pinaceae,Pinus,densata,,379782,,1906
kew-2561880,Pinaceae,Pinus,densiflora,,379792,262894-1,1842
kew-2561878,Pinaceae,Pinus,densithunbergii,,379791,677025-1,1926
tro-50231970,Pinaceae,Pinus,densithunbergii,,50231970,677026-1,1953
kew-2561923,Pinaceae,Pinus,devoniana,,379832,314938-2,1839
kew-2561925,Pinaceae,Pinus,digenea,,379834,,1888
kew-2561927,Pinaceae,Pinus,dioica,,379836,262904-1,1831
kew-2561901,Pinaceae,Pinus,douglasiana,,379810,196971-2,1943
kew-2561915,Pinaceae,Pinus,durangensis,,379824,677030-1,1942
kew-2561909,Pinaceae,Pinus,echinata,,379818,262913-1,1768
kew-2561911,Pinaceae,Pinus,edulis,,379820,196975-2,1848
kew-2562078,Pinaceae,Pinus,elliottii,,379943,262921-1,1880
kew-2555449,Pinaceae,Pinus,elliottii,densa,379594,282876-2,1952
kew-2562081,Pinaceae,Pinus,engelmannii,,379946,1190231-2,1854
kew-2562083,Pinaceae,Pinus,eremitana,,379948,77061448-1,2004
kew-2562064,Pinaceae,Pinus,fenzeliana,,379932,677033-1,1931
tro-50209179,Pinaceae,Pinus,fertilis,,50209179,262937-1,1862
kew-2562108,Pinaceae,Pinus,flexilis,,379971,262945-1,1824
kew-2555473,Pinaceae,Pinus,flexilis,reflexa,379615,196987-2,1878 publ. 1879
kew-2562107,Pinaceae,Pinus,fragilissima,,379970,70029794-1,2003
tro-24900775,Pinaceae,Pinus,funebris,,24900775,,
kew-2562093,Pinaceae,Pinus,galaiana,,379957,677037-1,1938
kew-459126,Pinaceae,Pinus,georginae,,459126,77101164-1,2009
kew-2562101,Pinaceae,Pinus,gerardiana,,379964,,1832
kew-2562102,Pinaceae,Pinus,ghiesbrechtii,,379965,262963-1,1867
tro-50235713,Pinaceae,Pinus,ghiesbreghtii,,50235713,,1868
kew-2562103,Pinaceae,Pinus,glabra,,379966,262965-1,1788
kew-2562016,Pinaceae,Pinus,greggii,,379889,314972-2,1868
kew-2562017,Pinaceae,Pinus,greggii,australis,379890,1012452-1,1999
kew-2562021,Pinaceae,Pinus,hakkodensis,,379893,677042-1,1931
tro-24900954,Pinaceae,Pinus,hakkodensis,,24900954,,
tro-50235714,Pinaceae,Pinus,halepensipinaster,,50235714,,1889
kew-2561998,Pinaceae,Pinus,halepensis,,379872,262982-1,1768
kew-2562008,Pinaceae,Pinus,hartwegii,,379881,314865-2,1839
tro-50302298,Pinaceae,Pinus,hayatana,,50302298,,2004
tro-50235715,Pinaceae,Pinus,heeri,,50235715,,1908
kew-2562027,Pinaceae,Pinus,heldreichii,,379897,262987-1,1863
kew-2562050,Pinaceae,Pinus,henryi,,379919,,1902
kew-2562051,Pinaceae,Pinus,herrerae,,379920,196991-2,1940
kew-2562054,Pinaceae,Pinus,holfordiana,,379923,677048-1,1933
kew-2562041,Pinaceae,Pinus,hunnewellii,,379910,677051-1,1952
kew-2562042,Pinaceae,Pinus,hwangshanensis,,379911,677052-1,1936
kew-2561701,Pinaceae,Pinus,jaliscana,,379722,282879-2,1983
kew-2561675,Pinaceae,Pinus,jeffreyi,,379708,,1853
kew-2561617,Pinaceae,Pinus,kesiya,,379672,677057-1,1840
kew-2872097,Pinaceae,Pinus,kesiya,langbianensis,386167,,1962
kew-2561659,Pinaceae,Pinus,koraiensis,,379695,263037-1,1842
kew-2561661,Pinaceae,Pinus,krempfii,,379697,677058-1,1921
tro-50232246,Pinaceae,Pinus,kwangshanensis,,50232246,,1936
kew-2561667,Pinaceae,Pinus,lambertiana,,379703,197001-2,1827
kew-2561653,Pinaceae,Pinus,latteri,,379690,263053-1,1849
kew-2561754,Pinaceae,Pinus,lawsonii,,379726,314963-2,1862
kew-2561821,Pinaceae,Pinus,leiophylla,,379770,30112234-2,1831
kew-2555469,Pinaceae,Pinus,leiophylla,chihuahuana,379611,,1909
kew-2561832,Pinaceae,Pinus,litvinovii,,379780,20000111-1,2001
kew-2561804,Pinaceae,Pinus,longaeva,,379762,197012-2,1971
kew-2561767,Pinaceae,Pinus,luchuensis,,379727,677067-1,1894
kew-2561790,Pinaceae,Pinus,lumholtzii,,379749,197014-2,1895
kew-2561795,Pinaceae,Pinus,luzmariae,,379754,315777-2,1998
kew-2871941,Pinaceae,Pinus,massoniana,,386113,60437819-2,1803
kew-2562498,Pinaceae,Pinus,massoniana,hainanensis,380300,1013698-1,1975
kew-2562414,Pinaceae,Pinus,maximartinezii,,380229,197021-2,1964
kew-2562424,Pinaceae,Pinus,maximinoi,,380237,299079-2,1966
kew-2562731,Pinaceae,Pinus,merkusii,,380400,,1845
kew-2562417,Pinaceae,Pinus,monophylla,,380231,197026-2,1845
kew-2562404,Pinaceae,Pinus,montezumae,,380220,,1832
kew-2562431,Pinaceae,Pinus,montezumae,gordoniana,380244,1053578-2,1990
kew-2562442,Pinaceae,Pinus,monticola,,380255,,1832
kew-2562444,Pinaceae,Pinus,morrisonicola,,380257,677081-1,1908
kew-2562441,Pinaceae,Pinus,mugo,,380254,677083-1,1764
kew-2562426,Pinaceae,Pinus,muricata,,380239,314970-2,1837
kew-2562440,Pinaceae,Pinus,murraybanksiana,,380253,677085-1,1949
kew-459153,Pinaceae,Pinus,naxiorum,,459153,77096421-1,2008
kew-2562436,Pinaceae,Pinus,neilreichiana,,380249,263141-1,1876
kew-2562437,Pinaceae,Pinus,nelsonii,,380250,197040-2,1904
kew-2562349,Pinaceae,Pinus,nigra,,380171,677088-1,1785
kew-2872283,Pinaceae,Pinus,nigra,dalmatica,386333,,1943
kew-2872284,Pinaceae,Pinus,nigra,laricio,386334,,1928
kew-2872363,Pinaceae,Pinus,nigra,pallasiana,386357,,1914
kew-2872371,Pinaceae,Pinus,nigra,salzmannii,386365,60453586-2,1943
kew-2562379,Pinaceae,Pinus,occidentalis,,380198,314862-2,1788
kew-2562388,Pinaceae,Pinus,oocarpa,,380206,,1838
kew-2562363,Pinaceae,Pinus,orthophylla,,380185,77061447-1,2004
tro-24900827,Pinaceae,Pinus,pallasiana,,24900827,,
kew-2562456,Pinaceae,Pinus,palustris,,380268,263186-1,1768
kew-2562536,Pinaceae,Pinus,parapumila,,380334,936903-1,1989
kew-2562542,Pinaceae,Pinus,parviflora,,380339,263192-1,1842
kew-2872391,Pinaceae,Pinus,parviflora,pentaphylla,386385,,1910
kew-2562541,Pinaceae,Pinus,patula,,380338,314961-2,1831
kew-2575920,Pinaceae,Pinus,patula,longipedunculata,381137,,1948
kew-2562550,Pinaceae,Pinus,peuce,,380345,263209-1,1846
kew-2562572,Pinaceae,Pinus,pinaster,,380364,263216-1,1789
kew-2872394,Pinaceae,Pinus,pinaster,escarena,386388,,1890
kew-2872409,Pinaceae,Pinus,pinaster,renoui,386403,,1952
kew-2562576,Pinaceae,Pinus,pinceana,,380368,263218-1,1858
kew-2562556,Pinaceae,Pinus,pinea,,380351,263221-1,1753
kew-2562565,Pinaceae,Pinus,ponderosa,,380358,307165-2,1836
kew-2575951,Pinaceae,Pinus,ponderosa,scopulorum,381144,197063-2,1880
kew-2562473,Pinaceae,Pinus,praetermissa,,380278,282904-2,1990
kew-2562475,Pinaceae,Pinus,pringlei,,380280,197068-2,1905
kew-2562483,Pinaceae,Pinus,pseudostrobus,,380287,314879-2,1839
kew-2575996,Pinaceae,Pinus,pseudostrobus,apulcensis,381161,,1909
kew-2575997,Pinaceae,Pinus,pseudostrobus,protuberans,381162,197074-2,1948
kew-2562484,Pinaceae,Pinus,pseudotaeda,,380288,,1857
kew-2562479,Pinaceae,Pinus,pumila,,380284,263243-1,1859
kew-2562461,Pinaceae,Pinus,pungens,,380272,927546-1,1806
kew-2562469,Pinaceae,Pinus,quadrifolia,,380276,282906-2,1897
tro-24901294,Pinaceae,Pinus,quinquefolia,,24901294,,1875
kew-2562495,Pinaceae,Pinus,radiata,,380297,,1837
kew-2872492,Pinaceae,Pinus,radiata,binata,386435,,1895
tro-100367427,Pinaceae,Pinus,reginae-ameliae,,100367427,263258-1,1873
kew-2562516,Pinaceae,Pinus,remota,,380317,677096-1,1979
kew-2562500,Pinaceae,Pinus,resinosa,,380302,263261-1,1789
kew-2562513,Pinaceae,Pinus,rhaetica,,380314,,1880
kew-2562491,Pinaceae,Pinus,rigida,,380293,263270-1,1768
kew-2575982,Pinaceae,Pinus,rigitaeda,,381148,60441825-2,1959
tro-24900214,Pinaceae,Pinus,rigitaeda,,24900214,,1959
kew-2608256,Pinaceae,Pinus,romaniae,,381574,77090544-1,1811
kew-2562199,Pinaceae,Pinus,roxburghii,,380045,677098-1,1897
kew-2562143,Pinaceae,Pinus,rzedowskii,,380002,197094-2,1969
kew-2562153,Pinaceae,Pinus,sabiniana,,380011,,1832
tro-24900040,Pinaceae,Pinus,sebirica,,24900040,,
kew-2562132,Pinaceae,Pinus,serotina,,379991,263315-1,1803
kew-2562160,Pinaceae,Pinus,sibirica,,380017,77095028-1,1803
tro-24900217,Pinaceae,Pinus,sondereggeri,,24900217,,
kew-2562176,Pinaceae,Pinus,spuria,,380030,677105-1,1928
kew-2562155,Pinaceae,Pinus,squamata,,380013,961408-1,1992
kew-2562154,Pinaceae,Pinus,strobiformis,,380012,197099-2,1848
kew-459173,Pinaceae,Pinus,strobiformis,veitchii,459173,77100771-1,2009
kew-2562165,Pinaceae,Pinus,strobus,,380022,263339-1,1753
kew-2576026,Pinaceae,Pinus,strobus,chiapensis,381185,197102-2,1940
kew-2608257,Pinaceae,Pinus,stylesii,,381575,,2008
tro-50161070,Pinaceae,Pinus,subpatula,,50161070,263343-1,1862
kew-2562297,Pinaceae,Pinus,sylvestris,,380126,263353-1,1753
kew-2872511,Pinaceae,Pinus,sylvestris,hamata,386454,,1838
kew-2872522,Pinaceae,Pinus,sylvestris,mongholica,386465,,1905
kew-2562280,Pinaceae,Pinus,tabuliformis,,380115,263356-1,1867
kew-2872563,Pinaceae,Pinus,tabuliformis,mukdensis,386506,,1925
kew-2872568,Pinaceae,Pinus,tabuliformis,umbraculifera,386511,50958490-1,1958
kew-2562300,Pinaceae,Pinus,taeda,,380129,263357-1,1753
kew-2562320,Pinaceae,Pinus,taiwanensis,,380147,677109-1,1911
kew-2562321,Pinaceae,Pinus,taiwanensis,damingshanensis,380148,888222-1,1975
kew-2562310,Pinaceae,Pinus,tecunumanii,,380137,315581-2,1983
kew-2562305,Pinaceae,Pinus,teocote,,380132,263372-1,1830
kew-2562312,Pinaceae,Pinus,thunbergii,,380139,263377-1,1868
kew-2562222,Pinaceae,Pinus,torreyana,,380059,282913-2,1855
kew-2562224,Pinaceae,Pinus,torreyana,insularis,380061,282914-2,1986
kew-2562226,Pinaceae,Pinus,tropicalis,,380062,314858-2,1885
kew-2562206,Pinaceae,Pinus,uncinata,,380047,263396-1,1805
kew-2605210,Pinaceae,Pinus,uncinata,uliginosa,381417,77080258-1,2006
tro-50233592,Pinaceae,Pinus,vindelica,,50233592,,1907
kew-2562256,Pinaceae,Pinus,virginiana,,380091,263413-1,1768
kew-2562257,Pinaceae,Pinus,wallichiana,,380092,677118-1,1938
kew-2562252,Pinaceae,Pinus,wallichiana,parva,380087,971715-1,1989
kew-2562262,Pinaceae,Pinus,wangii,,380097,677119-1,1948
tro-50232734,Pinaceae,Pinus,wettsteinii,,50232734,,1889
tro-50142869,Pinaceae,Pinus,xichangensis,,50142869,,1983
kew-2562237,Pinaceae,Pinus,yunnanensis,,380073,263419-1,1899
kew-2562245,Pinaceae,Pinus,yunnanensis,pygmaea,380081,888223-1,1978
kew-2559351,Pinaceae,Pseudolarix,amabilis,,379658,677125-1,1919
kew-2556782,Pinaceae,Pseudotsuga,japonica,,379650,677138-1,1896
kew-2411179,Pinaceae,Pseudotsuga,macrocarpa,,378313,,1889
kew-2556763,Pinaceae,Pseudotsuga,menziesii,,379633,,1950
kew-2577302,Pinaceae,Pseudotsuga,menziesii,glauca,381195,,1950
kew-2556765,Pinaceae,Pseudotsuga,sinensis,,379635,677145-1,1912
kew-2556766,Pinaceae,Pseudotsuga,sinensis,brevifolia,379636,956143-1,1990
kew-2556768,Pinaceae,Pseudotsuga,sinensis,gaussenii,379638,956144-1,1990
tro-50170666,Pinaceae,Strobus,griffithii,,50170666,,1939
kew-2516507,Pinaceae,Tsuga,canadensis,,379363,264005-1,1855
kew-2516567,Pinaceae,Tsuga,caroliniana,,379383,264006-1,1881
kew-2516649,Pinaceae,Tsuga,chinensis,,379402,677214-1,1900
kew-2516644,Pinaceae,Tsuga,chinensis,oblongisquamata,379398,888229-1,1975
kew-2516630,Pinaceae,Tsuga,chinensis,robusta,379385,888230-1,1975
kew-2516637,Pinaceae,Tsuga,diversifolia,,379392,264007-1,1881
kew-2516634,Pinaceae,Tsuga,dumosa,,379389,,1887
kew-2516662,Pinaceae,Tsuga,forrestii,,379409,677218-1,1923
kew-2516641,Pinaceae,Tsuga,heterophylla,,379395,264010-1,1898
kew-2872681,Pinaceae,Tsuga,jeffreyi,,386592,,1919
tro-24900239,Pinaceae,Tsuga,jeffreyi,,24900239,,
kew-2516752,Pinaceae,Tsuga,mertensiana,,379433,264014-1,1867
kew-2516751,Pinaceae,Tsuga,mertensiana,grandicona,379432,950286-1,1988
kew-2516744,Pinaceae,Tsuga,sieboldii,,379425,264018-1,1855
tro-24900907,Pinaceae,Tsuga,sieboldii,nana,24900907,,
tro-24900902,Pinaceae,Tsuga,thuja,,24900902,,
